{"cameraMode":{"drawMode":0,"name":"Shaded","section":"Shading Mode"},"sceneLighting":false,"audioPlay":false,"sceneViewState":{"showFog":true,"showMaterialUpdate":false,"showSkybox":false,"showFlares":true,"showImageEffects":true,"showParticleSystems":true},"in2DMode":false,"pivot":{"x":0.01877737045288086,"y":-1.3667383193969727,"z":-1.6097478866577149},"rotation":{"x":0.045947372913360599,"y":0.7033209204673767,"z":-0.04564429074525833,"w":0.7079355716705322},"size":22.0,"orthographic":false}