{"cameraMode":{"drawMode":0,"name":"Shaded","section":"Shading Mode"},"sceneLighting":false,"audioPlay":false,"sceneViewState":{"showFog":true,"showMaterialUpdate":false,"showSkybox":false,"showFlares":true,"showImageEffects":true,"showParticleSystems":true},"in2DMode":false,"pivot":{"x":0.311808317899704,"y":3.019888162612915,"z":-0.4130805730819702},"rotation":{"x":-0.0067115225829184059,"y":0.8885137438774109,"z":0.4588342607021332,"w":0.012457196600735188},"size":2.857893466949463,"orthographic":false}